order,y_coordinate,x_coordinate,r,g,b,answers
9,9,7,245,227,206,"['Бежевый', 'Бежевый', 'Бежевый', 'Бежевый', 'Желтый', 'Желтый', 'Бежевый', 'Бежевый', 'Фиолетовый', 'Бежевый', 'Розовый', 'Розовый', 'Бежевый', 'Бежевый']"
208,4,1,188,30,71,"['Лиловый', 'Красный', 'Розовый', 'Розовый', 'Красный', 'Красный', 'Розовый', 'Розовый', 'Красный', 'Красный', 'Лиловый', 'Красный']"
119,7,35,209,159,209,"['Фиолетовый', 'Лиловый', 'Розовый', 'Лиловый', 'Фиолетовый', 'Фиолетовый', 'Лиловый', 'Лиловый', 'Фиолетовый', 'Лиловый', 'Розовый']"
277,3,29,0,76,140,"['Синий', 'Синий', 'Синий', 'Лиловый', 'Синий', 'Синий', 'Синий', 'Синий', 'Синий', 'Синий', 'Синий', 'Синий']"
312,2,23,0,56,59,"['Зеленый', 'Зеленый', 'Бирюзовый', 'Черный', 'Зеленый', 'Бирюзовый', 'Зеленый', 'Синий', 'Синий', 'Бирюзовый', 'Черный', 'Синий']"
160,6,35,190,128,192,"['Фиолетовый', 'Лиловый', 'Лиловый', 'Розовый', 'Розовый', 'Лиловый', 'Лиловый', 'Лиловый', 'Лиловый', 'Фиолетовый', 'Розовый', 'Лиловый', 'Фиолетовый']"
153,6,28,35,159,215,"['Голубой', 'Синий', 'Голубой', 'Голубой', 'Голубой', 'Синий', 'Голубой', 'Синий', 'Голубой', 'Голубой', 'Голубой', 'Голубой']"
281,3,33,94,53,129,"['Фиолетовый', 'Фиолетовый', 'Фиолетовый', 'Фиолетовый', 'Фиолетовый', 'Фиолетовый', 'Фиолетовый', 'Фиолетовый', 'Фиолетовый', 'Фиолетовый', 'Фиолетовый', 'Фиолетовый', 'Фиолетовый']"
267,3,19,0,89,60,"['Зеленый', 'Зеленый', 'Зеленый', 'Зеленый', 'Зеленый', 'Зеленый', 'Зеленый', 'Коричневый', 'Зеленый', 'Зеленый', 'Бирюзовый']"
97,7,13,170,185,0,"['Зеленый', 'Зеленый', 'Зеленый', 'Зеленый', 'Зеленый', 'Зеленый', 'Зеленый', 'Зеленый', 'Зеленый', 'Желтый', 'Зеленый']"
295,2,6,74,41,23,"['Коричневый', 'Коричневый', 'Коричневый', 'Коричневый', 'Коричневый', 'Коричневый', 'Коричневый', 'Коричневый', 'Коричневый', 'Коричневый', 'Коричневый', 'Коричневый', 'Коричневый']"
266,3,18,0,86,55,"['Зеленый', 'Зеленый', 'Зеленый', 'Зеленый', 'Зеленый', 'Зеленый', 'Зеленый', 'Коричневый', 'Зеленый', 'Зеленый', 'Зеленый']"
322,2,33,67,35,91,"['Фиолетовый', 'Фиолетовый', 'Фиолетовый', 'Фиолетовый', 'Фиолетовый', 'Фиолетовый', 'Фиолетовый', 'Фиолетовый', 'Фиолетовый', 'Синий', 'Фиолетовый']"
318,2,29,0,52,89,"['Синий', 'Синий', 'Синий', 'Синий', 'Синий', 'Синий', 'Синий', 'Синий', 'Синий', 'Серый', 'Синий', 'Синий']"
252,3,4,136,37,17,"['Коричневый', 'Коричневый', 'Красный', 'Красный', 'Красный', 'Красный', 'Коричневый', 'Коричневый', 'Коричневый', 'Коричневый', 'Красный', 'Красный']"
143,6,18,0,171,119,"['Зеленый', 'Зеленый', 'Зеленый', 'Коричневый', 'Зеленый', 'Зеленый', 'Зеленый', 'Зеленый', 'Зеленый', 'Зеленый', 'Зеленый', 'Зеленый']"
76,8,33,207,198,226,"['Бирюзовый', 'Фиолетовый', 'Лиловый', 'Лиловый', 'Лиловый', 'Голубой', 'Фиолетовый', 'Лиловый', 'Лиловый', 'Лиловый', 'Лиловый', 'Голубой']"
255,3,7,104,63,17,"['Коричневый', 'Коричневый', 'Коричневый', 'Коричневый', 'Коричневый', 'Коричневый', 'Коричневый', 'Коричневый', 'Коричневый', 'Коричневый', 'Коричневый', 'Коричневый']"
193,5,27,7,133,172,"['Синий', 'Синий', 'Синий', 'Бирюзовый', 'Синий', 'Голубой', 'Синий', 'Лиловый', 'Синий', 'Синий', 'Синий', 'Голубой']"
74,8,31,195,201,229,"['Бирюзовый', 'Голубой', 'Фиолетовый', 'Бирюзовый', 'Голубой', 'Голубой', 'Лиловый', 'Лиловый', 'Лиловый', 'Лиловый', 'Фиолетовый', 'Бирюзовый', 'Голубой', 'Лиловый']"
268,3,20,0,86,68,"['Зеленый', 'Зеленый', 'Зеленый', 'Зеленый', 'Зеленый', 'Зеленый', 'Зеленый', 'Коричневый', 'Бирюзовый', 'Зеленый', 'Зеленый']"
7,9,5,246,226,215,"['Лиловый', 'Бежевый', 'Розовый', 'Серый', 'Желтый', 'Розовый', 'Розовый', 'Бежевый', 'Розовый', 'Белый', 'Розовый']"
330,1,0,39,39,39,"['Черный', 'Черный', 'Черный', 'Черный', 'Черный', 'Черный', 'Черный', 'Черный', 'Черный', 'Черный', 'Черный', 'Черный']"
57,8,14,182,215,68,"['Зеленый', 'Зеленый', 'Зеленый', 'Зеленый', 'Зеленый', 'Бирюзовый', 'Зеленый', 'Зеленый', 'Зеленый', 'Зеленый', 'Зеленый', 'Зеленый']"
251,3,3,148,8,22,"['Красный', 'Красный', 'Красный', 'Красный', 'Красный', 'Красный', 'Красный', 'Красный', 'Красный', 'Красный', 'Красный', 'Красный']"
1,10,0,243,243,243,"['Белый', 'Белый', 'Бежевый', 'Серый', 'Белый', 'Белый', 'Белый', 'Бирюзовый', 'Белый', 'Серый', 'Серый']"
307,2,18,0,59,38,"['Зеленый', 'Черный', 'Зеленый', 'Зеленый', 'Зеленый', 'Зеленый', 'Зеленый', 'Зеленый', 'Зеленый', 'Зеленый', 'Бирюзовый', 'Зеленый']"
296,2,7,71,43,18,"['Черный', 'Фиолетовый', 'Коричневый', 'Коричневый', 'Коричневый', 'Коричневый', 'Коричневый', 'Коричневый', 'Коричневый', 'Коричневый', 'Коричневый', 'Коричневый']"
179,5,13,118,130,1,"['Зеленый', 'Зеленый', 'Зеленый', 'Зеленый', 'Зеленый', 'Зеленый', 'Зеленый', 'Зеленый', 'Зеленый', 'Зеленый', 'Зеленый', 'Зеленый']"
275,3,27,0,79,110,"['Синий', 'Синий', 'Синий', 'Синий', 'Синий', 'Синий', 'Синий', 'Синий', 'Синий', 'Синий', 'Бирюзовый', 'Бирюзовый', 'Синий']"
172,5,6,187,100,0,"['Коричневый', 'Коричневый', 'Оранжевый', 'Оранжевый', 'Коричневый', 'Коричневый', 'Оранжевый', 'Оранжевый', 'Оранжевый', 'Коричневый', 'Коричневый', 'Оранжевый']"
184,5,18,0,144,95,"['Зеленый', 'Зеленый', 'Зеленый', 'Зеленый', 'Зеленый', 'Зеленый', 'Зеленый', 'Зеленый', 'Зеленый', 'Зеленый', 'Зеленый', 'Зеленый']"
249,3,1,139,27,55,"['Красный', 'Красный', 'Красный', 'Фиолетовый', 'Красный', 'Красный', 'Красный', 'Красный', 'Красный', 'Красный', 'Фиолетовый', 'Красный']"
324,2,35,70,37,74,"['Фиолетовый', 'Фиолетовый', 'Бирюзовый', 'Фиолетовый', 'Фиолетовый', 'Фиолетовый', 'Фиолетовый', 'Лиловый', 'Фиолетовый', 'Фиолетовый', 'Фиолетовый']"
200,5,34,151,105,174,"['Фиолетовый', 'Лиловый', 'Фиолетовый', 'Фиолетовый', 'Фиолетовый', 'Лиловый', 'Лиловый', 'Лиловый', 'Лиловый', 'Лиловый', 'Белый', 'Фиолетовый', 'Лиловый', 'Фиолетовый']"
2,9,0,229,229,229,"['Белый', 'Серый', 'Белый', 'Белый', 'Серый', 'Белый', 'Белый', 'Белый', 'Лиловый', 'Белый', 'Серый', 'Белый', 'Голубой']"
190,5,24,0,139,152,"['Бирюзовый', 'Голубой', 'Голубой', 'Синий', 'Бирюзовый', 'Синий', 'Бирюзовый', 'Голубой', 'Голубой', 'Бирюзовый', 'Бирюзовый', 'Бирюзовый', 'Зеленый']"
196,5,30,51,125,206,"['Голубой', 'Синий', 'Синий', 'Синий', 'Синий', 'Синий', 'Синий', 'Синий', 'Синий', 'Синий', 'Синий', 'Голубой', 'Голубой']"
202,5,36,180,90,164,"['Фиолетовый', 'Фиолетовый', 'Розовый', 'Розовый', 'Лиловый', 'Лиловый', 'Розовый', 'Фиолетовый', 'Фиолетовый', 'Фиолетовый', 'Розовый', 'Фиолетовый', 'Фиолетовый']"
8,9,6,246,226,210,"['Бежевый', 'Розовый', 'Розовый', 'Бежевый', 'Бежевый', 'Бежевый', 'Бежевый', 'Бежевый', 'Розовый', 'Оранжевый', 'Бежевый', 'Бежевый']"
301,2,12,51,50,34,"['Черный', 'Серый', 'Коричневый', 'Коричневый', 'Коричневый', 'Коричневый', 'Черный', 'Черный', 'Серый', 'Черный', 'Серый', 'Черный']"
59,8,16,147,220,136,"['Бирюзовый', 'Зеленый', 'Зеленый', 'Зеленый', 'Зеленый', 'Зеленый', 'Зеленый', 'Зеленый', 'Зеленый', 'Зеленый', 'Зеленый']"
94,7,10,207,173,0,"['Оранжевый', 'Желтый', 'Желтый', 'Бежевый', 'Желтый', 'Коричневый', 'Желтый', 'Желтый', 'Желтый', 'Желтый', 'Желтый', 'Желтый', 'Желтый']"
233,4,26,0,109,143,"['Синий', 'Голубой', 'Синий', 'Синий', 'Синий', 'Синий', 'Синий', 'Бирюзовый', 'Синий', 'Бирюзовый', 'Бирюзовый', 'Синий']"
146,6,21,2,168,147,"['Бирюзовый', 'Бирюзовый', 'Лиловый', 'Бирюзовый', 'Зеленый', 'Бирюзовый', 'Бирюзовый', 'Зеленый', 'Синий', 'Бирюзовый', 'Бирюзовый', 'Бирюзовый']"
150,6,25,0,165,186,"['Голубой', 'Бирюзовый', 'Голубой', 'Голубой', 'Бирюзовый', 'Голубой', 'Бирюзовый', 'Бирюзовый', 'Голубой', 'Голубой', 'Бирюзовый', 'Бирюзовый', 'Голубой']"
305,2,16,28,55,32,"['Зеленый', 'Зеленый', 'Зеленый', 'Зеленый', 'Зеленый', 'Зеленый', 'Зеленый', 'Зеленый', 'Зеленый', 'Серый', 'Зеленый', 'Черный']"
131,6,6,219,126,21,"['Оранжевый', 'Оранжевый', 'Оранжевый', 'Оранжевый', 'Оранжевый', 'Оранжевый', 'Оранжевый', 'Желтый', 'Оранжевый', 'Оранжевый', 'Оранжевый', 'Коричневый', 'Оранжевый']"
194,5,28,0,132,188,"['Голубой', 'Синий', 'Синий', 'Синий', 'Голубой', 'Синий', 'Синий', 'Синий', 'Синий', 'Синий', 'Голубой', 'Синий']"
261,3,13,70,76,32,"['Зеленый', 'Коричневый', 'Зеленый', 'Коричневый', 'Зеленый', 'Зеленый', 'Зеленый', 'Зеленый', 'Зеленый', 'Зеленый', 'Коричневый', 'Зеленый']"
43,8,0,202,202,202,"['Серый', 'Фиолетовый', 'Серый', 'Белый', 'Серый', 'Серый', 'Серый', 'Серый', 'Серый', 'Серый', 'Серый', 'Серый']"
291,2,2,98,17,38,"['Коричневый', 'Лиловый', 'Красный', 'Лиловый', 'Лиловый', 'Фиолетовый', 'Фиолетовый', 'Красный', 'Красный', 'Коричневый', 'Красный', 'Красный']"
101,7,17,72,198,123,"['Бирюзовый', 'Зеленый', 'Зеленый', 'Зеленый', 'Зеленый', 'Зеленый', 'Зеленый', 'Зеленый', 'Зеленый', 'Зеленый', 'Зеленый']"
122,7,38,242,147,182,"['Розовый', 'Розовый', 'Розовый', 'Розовый', 'Розовый', 'Розовый', 'Розовый', 'Розовый', 'Розовый', 'Розовый', 'Розовый', 'Розовый']"
303,2,14,46,51,38,"['Коричневый', 'Зеленый', 'Серый', 'Черный', 'Черный', 'Черный', 'Зеленый', 'Черный', 'Серый', 'Серый', 'Черный', 'Черный', 'Серый']"
54,8,11,223,205,0,"['Зеленый', 'Зеленый', 'Желтый', 'Желтый', 'Желтый', 'Желтый', 'Желтый', 'Желтый', 'Желтый', 'Желтый', 'Желтый', 'Желтый', 'Желтый']"
285,3,37,125,36,99,"['Фиолетовый', 'Фиолетовый', 'Лиловый', 'Лиловый', 'Фиолетовый', 'Фиолетовый', 'Фиолетовый', 'Лиловый', 'Фиолетовый', 'Фиолетовый', 'Фиолетовый']"
103,7,19,79,195,156,"['Бирюзовый', 'Бирюзовый', 'Зеленый', 'Зеленый', 'Зеленый', 'Бирюзовый', 'Бирюзовый', 'Зеленый', 'Бирюзовый', 'Зеленый', 'Бирюзовый']"
79,8,36,234,189,221,"['Лиловый', 'Розовый', 'Розовый', 'Розовый', 'Фиолетовый', 'Розовый', 'Лиловый', 'Лиловый', 'Лиловый', 'Розовый', 'Розовый', 'Лиловый', 'Розовый']"
270,3,22,0,84,82,"['Синий', 'Синий', 'Синий', 'Бирюзовый', 'Черный', 'Зеленый', 'Зеленый', 'Бирюзовый', 'Синий', 'Бирюзовый', 'Синий', 'Зеленый', 'Зеленый']"
220,4,13,93,102,24,"['Зеленый', 'Зеленый', 'Зеленый', 'Коричневый', 'Зеленый', 'Зеленый', 'Зеленый', 'Зеленый', 'Зеленый', 'Зеленый', 'Зеленый', 'Зеленый']"
99,7,15,129,193,71,"['Зеленый', 'Зеленый', 'Зеленый', 'Зеленый', 'Зеленый', 'Зеленый', 'Зеленый', 'Зеленый', 'Зеленый', 'Зеленый', 'Зеленый', 'Зеленый']"
149,6,24,0,166,177,"['Голубой', 'Бирюзовый', 'Голубой', 'Бирюзовый', 'Бирюзовый', 'Бирюзовый', 'Бирюзовый', 'Синий', 'Голубой', 'Бирюзовый', 'Синий', 'Бирюзовый']"
175,5,9,154,118,14,"['Коричневый', 'Зеленый', 'Желтый', 'Желтый', 'Бежевый', 'Желтый', 'Коричневый', 'Бежевый', 'Коричневый', 'Коричневый', 'Желтый', 'Желтый']"
14,9,12,237,234,140,"['Бежевый', 'Бежевый', 'Желтый', 'Желтый', 'Желтый', 'Желтый', 'Бежевый', 'Бирюзовый', 'Желтый', 'Желтый', 'Желтый', 'Желтый']"
304,2,15,34,55,26,"['Зеленый', 'Зеленый', 'Зеленый', 'Зеленый', 'Зеленый', 'Зеленый', 'Черный', 'Зеленый', 'Зеленый', 'Черный', 'Зеленый', 'Зеленый', 'Зеленый']"
320,2,31,39,40,112,"['Синий', 'Фиолетовый', 'Фиолетовый', 'Фиолетовый', 'Фиолетовый', 'Синий', 'Синий', 'Фиолетовый', 'Синий', 'Фиолетовый', 'Синий']"
137,6,12,157,154,0,"['Зеленый', 'Зеленый', 'Зеленый', 'Желтый', 'Желтый', 'Зеленый', 'Зеленый', 'Зеленый', 'Зеленый', 'Зеленый', 'Зеленый', 'Коричневый', 'Зеленый', 'Желтый']"
244,4,37,160,58,127,"['Фиолетовый', 'Лиловый', 'Лиловый', 'Лиловый', 'Фиолетовый', 'Фиолетовый', 'Фиолетовый', 'Лиловый', 'Розовый', 'Фиолетовый', 'Фиолетовый', 'Фиолетовый', 'Фиолетовый']"
192,5,26,0,135,168,"['Голубой', 'Синий', 'Голубой', 'Синий', 'Синий', 'Синий', 'Синий', 'Синий', 'Синий', 'Синий', 'Бирюзовый', 'Голубой']"
168,5,2,218,70,74,"['Красный', 'Розовый', 'Красный', 'Красный', 'Красный', 'Красный', 'Красный', 'Розовый', 'Красный', 'Красный', 'Розовый', 'Красный']"
70,8,27,166,209,225,"['Голубой', 'Голубой', 'Голубой', 'Голубой', 'Голубой', 'Бирюзовый', 'Голубой', 'Фиолетовый', 'Голубой', 'Голубой', 'Голубой', 'Голубой']"
6,9,4,245,226,219,"['Белый', 'Розовый', 'Розовый', 'Розовый', 'Бежевый', 'Розовый', 'Розовый', 'Розовый', 'Бирюзовый', 'Розовый', 'Розовый', 'Лиловый']"
49,8,6,248,191,145,"['Розовый', 'Розовый', 'Бежевый', 'Оранжевый', 'Оранжевый', 'Желтый', 'Желтый', 'Оранжевый', 'Бежевый', 'Оранжевый', 'Бежевый', 'Коричневый', 'Оранжевый']"
128,6,3,236,112,89,"['Бежевый', 'Розовый', 'Розовый', 'Оранжевый', 'Розовый', 'Оранжевый', 'Оранжевый', 'Розовый', 'Красный', 'Оранжевый', 'Розовый', 'Оранжевый']"
188,5,22,0,140,134,"['Бирюзовый', 'Бирюзовый', 'Зеленый', 'Бирюзовый', 'Бирюзовый', 'Бирюзовый', 'Бирюзовый', 'Фиолетовый', 'Бирюзовый', 'Бирюзовый', 'Бирюзовый']"
106,7,22,54,195,182,"['Голубой', 'Бирюзовый', 'Бирюзовый', 'Бирюзовый', 'Зеленый', 'Бирюзовый', 'Бирюзовый', 'Бирюзовый', 'Бирюзовый', 'Бирюзовый', 'Бирюзовый']"
72,8,29,164,207,245,"['Голубой', 'Голубой', 'Голубой', 'Голубой', 'Голубой', 'Голубой', 'Голубой', 'Голубой', 'Голубой', 'Голубой', 'Голубой', 'Голубой']"
47,8,4,254,187,161,"['Розовый', 'Розовый', 'Оранжевый', 'Розовый', 'Розовый', 'Розовый', 'Розовый', 'Розовый', 'Бежевый', 'Бежевый', 'Оранжевый', 'Бежевый', 'Бежевый']"
248,3,0,72,72,72,"['Серый', 'Серый', 'Черный', 'Серый', 'Серый', 'Серый', 'Черный', 'Лиловый', 'Серый', 'Черный', 'Серый', 'Черный']"
55,8,12,213,208,0,"['Желтый', 'Зеленый', 'Желтый', 'Зеленый', 'Желтый', 'Желтый', 'Желтый', 'Бирюзовый', 'Желтый', 'Желтый', 'Желтый']"
12,9,10,249,230,142,"['Бежевый', 'Бежевый', 'Желтый', 'Желтый', 'Желтый', 'Желтый', 'Желтый', 'Бирюзовый', 'Желтый', 'Желтый', 'Желтый', 'Желтый']"
182,5,16,0,144,24,"['Зеленый', 'Зеленый', 'Зеленый', 'Зеленый', 'Зеленый', 'Зеленый', 'Зеленый', 'Зеленый', 'Зеленый', 'Зеленый', 'Зеленый', 'Зеленый']"
154,6,29,77,155,218,"['Голубой', 'Голубой', 'Голубой', 'Синий', 'Голубой', 'Голубой', 'Голубой', 'Голубой', 'Голубой', 'Голубой', 'Голубой', 'Голубой']"
293,2,4,87,32,26,"['Коричневый', 'Коричневый', 'Коричневый', 'Коричневый', 'Коричневый', 'Коричневый', 'Коричневый', 'Коричневый', 'Коричневый', 'Коричневый', 'Коричневый', 'Коричневый']"
298,2,9,58,48,32,"['Черный', 'Черный', 'Коричневый', 'Серый', 'Коричневый', 'Коричневый', 'Черный', 'Коричневый', 'Черный', 'Коричневый', 'Коричневый', 'Коричневый']"
155,6,30,102,151,219,"['Голубой', 'Голубой', 'Голубой', 'Синий', 'Голубой', 'Голубой', 'Голубой', 'Голубой', 'Голубой', 'Синий', 'Голубой', 'Синий']"
104,7,20,71,195,164,"['Бирюзовый', 'Бирюзовый', 'Голубой', 'Зеленый', 'Бирюзовый', 'Зеленый', 'Бирюзовый', 'Бежевый', 'Бирюзовый', 'Бирюзовый', 'Бирюзовый', 'Зеленый']"
133,6,8,200,137,0,"['Оранжевый', 'Коричневый', 'Оранжевый', 'Желтый', 'Оранжевый', 'Бежевый', 'Желтый', 'Зеленый', 'Оранжевый', 'Коричневый', 'Оранжевый', 'Оранжевый']"
319,2,30,0,49,103,"['Синий', 'Синий', 'Синий', 'Синий', 'Синий', 'Синий', 'Синий', 'Синий', 'Синий', 'Синий', 'Синий', 'Синий', 'Синий']"
20,9,18,207,237,219,"['Голубой', 'Зеленый', 'Бирюзовый', 'Бирюзовый', 'Бирюзовый', 'Бирюзовый', 'Голубой', 'Голубой', 'Бирюзовый', 'Зеленый', 'Бирюзовый', 'Зеленый', 'Зеленый']"
140,6,15,91,168,0,"['Зеленый', 'Зеленый', 'Зеленый', 'Зеленый', 'Зеленый', 'Зеленый', 'Зеленый', 'Зеленый', 'Зеленый', 'Зеленый', 'Зеленый', 'Розовый']"
51,8,8,255,189,0,"['Желтый', 'Желтый', 'Желтый', 'Желтый', 'Желтый', 'Оранжевый', 'Желтый', 'Оранжевый', 'Желтый', 'Желтый', 'Желтый', 'Оранжевый', 'Оранжевый']"
205,5,39,212,70,123,"['Лиловый', 'Фиолетовый', 'Розовый', 'Розовый', 'Розовый', 'Розовый', 'Розовый', 'Розовый', 'Розовый', 'Розовый', 'Розовый', 'Розовый']"
85,7,1,238,152,154,"['Розовый', 'Розовый', 'Розовый', 'Лиловый', 'Розовый', 'Розовый', 'Розовый', 'Розовый', 'Розовый', 'Розовый', 'Розовый', 'Розовый', 'Розовый']"
107,7,23,100,190,187,"['Бирюзовый', 'Голубой', 'Бирюзовый', 'Бирюзовый', 'Розовый', 'Бирюзовый', 'Бирюзовый', 'Голубой', 'Бирюзовый', 'Голубой', 'Голубой']"
125,6,0,149,149,149,"['Серый', 'Фиолетовый', 'Серый', 'Серый', 'Серый', 'Серый', 'Серый', 'Серый', 'Серый', 'Серый', 'Серый', 'Синий']"
258,3,10,85,71,30,"['Оранжевый', 'Коричневый', 'Коричневый', 'Коричневый', 'Коричневый', 'Коричневый', 'Коричневый', 'Серый', 'Коричневый', 'Коричневый', 'Коричневый']"
226,4,19,0,116,82,"['Зеленый', 'Зеленый', 'Зеленый', 'Зеленый', 'Зеленый', 'Зеленый', 'Зеленый', 'Бирюзовый', 'Зеленый', 'Зеленый', 'Зеленый', 'Зеленый']"
222,4,15,58,110,20,"['Зеленый', 'Зеленый', 'Коричневый', 'Зеленый', 'Зеленый', 'Зеленый', 'Зеленый', 'Зеленый', 'Зеленый', 'Зеленый', 'Зеленый', 'Зеленый', 'Зеленый']"
134,6,9,187,143,0,"['Коричневый', 'Коричневый', 'Желтый', 'Коричневый', 'Бежевый', 'Желтый', 'Коричневый', 'Коричневый', 'Желтый', 'Оранжевый', 'Желтый']"
229,4,22,0,113,110,"['Голубой', 'Синий', 'Зеленый', 'Бирюзовый', 'Голубой', 'Бирюзовый', 'Зеленый', 'Синий', 'Бирюзовый', 'Бирюзовый', 'Бирюзовый', 'Бирюзовый']"
176,5,10,146,121,0,"['Коричневый', 'Коричневый', 'Бежевый', 'Желтый', 'Коричневый', 'Коричневый', 'Коричневый', 'Зеленый', 'Коричневый', 'Коричневый', 'Коричневый', 'Желтый']"
317,2,28,0,54,87,"['Фиолетовый', 'Синий', 'Синий', 'Синий', 'Синий', 'Синий', 'Синий', 'Синий', 'Синий', 'Синий', 'Синий', 'Синий']"
278,3,30,0,73,141,"['Синий', 'Синий', 'Синий', 'Лиловый', 'Синий', 'Синий', 'Синий', 'Синий', 'Синий', 'Синий', 'Синий', 'Синий']"
279,3,31,55,62,151,"['Голубой', 'Лиловый', 'Синий', 'Синий', 'Фиолетовый', 'Синий', 'Синий', 'Фиолетовый', 'Синий', 'Синий', 'Синий', 'Фиолетовый']"
110,7,26,109,186,208,"['Голубой', 'Голубой', 'Голубой', 'Голубой', 'Голубой', 'Голубой', 'Голубой', 'Бирюзовый', 'Голубой', 'Голубой', 'Голубой', 'Голубой']"
157,6,32,149,142,200,"['Фиолетовый', 'Лиловый', 'Лиловый', 'Фиолетовый', 'Голубой', 'Фиолетовый', 'Лиловый', 'Лиловый', 'Фиолетовый', 'Лиловый', 'Фиолетовый', 'Фиолетовый']"
316,2,27,0,55,85,"['Синий', 'Синий', 'Синий', 'Синий', 'Синий', 'Синий', 'Синий', 'Синий', 'Синий', 'Синий', 'Синий', 'Синий']"
81,8,38,245,187,205,"['Розовый', 'Розовый', 'Розовый', 'Розовый', 'Розовый', 'Розовый', 'Розовый', 'Розовый', 'Розовый', 'Розовый', 'Розовый', 'Розовый']"
108,7,24,100,189,195,"['Голубой', 'Голубой', 'Бирюзовый', 'Бирюзовый', 'Бирюзовый', 'Бирюзовый', 'Бирюзовый', 'Бирюзовый', 'Голубой', 'Голубой', 'Голубой', 'Голубой', 'Бирюзовый']"
21,9,19,205,237,222,"['Бирюзовый', 'Зеленый', 'Бирюзовый', 'Зеленый', 'Голубой', 'Голубой', 'Зеленый', 'Серый', 'Бирюзовый', 'Бирюзовый', 'Зеленый', 'Голубой', 'Бирюзовый']"
139,6,14,127,161,0,"['Зеленый', 'Зеленый', 'Зеленый', 'Зеленый', 'Зеленый', 'Зеленый', 'Зеленый', 'Зеленый', 'Зеленый', 'Зеленый', 'Зеленый', 'Зеленый', 'Зеленый', 'Зеленый']"
284,3,36,118,41,110,"['Фиолетовый', 'Фиолетовый', 'Фиолетовый', 'Фиолетовый', 'Лиловый', 'Фиолетовый', 'Фиолетовый', 'Фиолетовый', 'Фиолетовый', 'Фиолетовый', 'Фиолетовый', 'Фиолетовый']"
187,5,21,0,144,124,"['Зеленый', 'Зеленый', 'Бирюзовый', 'Зеленый', 'Бирюзовый', 'Зеленый', 'Зеленый', 'Бирюзовый', 'Бирюзовый', 'Бирюзовый', 'Зеленый', 'Зеленый']"
82,8,39,247,186,198,"['Розовый', 'Розовый', 'Розовый', 'Розовый', 'Розовый', 'Розовый', 'Лиловый', 'Розовый', 'Розовый', 'Розовый', 'Розовый']"
77,8,34,211,197,223,"['Фиолетовый', 'Лиловый', 'Лиловый', 'Лиловый', 'Лиловый', 'Фиолетовый', 'Фиолетовый', 'Лиловый', 'Лиловый', 'Лиловый', 'Серый', 'Лиловый']"
13,9,11,243,232,140,"['Бежевый', 'Желтый', 'Желтый', 'Желтый', 'Бежевый', 'Желтый', 'Желтый', 'Бирюзовый', 'Желтый', 'Желтый', 'Желтый']"
329,2,40,94,19,54,"['Фиолетовый', 'Лиловый', 'Красный', 'Красный', 'Коричневый', 'Фиолетовый', 'Фиолетовый', 'Фиолетовый', 'Фиолетовый', 'Красный', 'Фиолетовый', 'Красный', 'Коричневый', 'Красный']"
204,5,38,197,82,134,"['Фиолетовый', 'Фиолетовый', 'Розовый', 'Розовый', 'Розовый', 'Фиолетовый', 'Лиловый', 'Розовый', 'Красный', 'Розовый', 'Розовый', 'Розовый']"
3,9,1,242,226,225,"['Серый', 'Зеленый', 'Розовый', 'Розовый', 'Розовый', 'Бежевый', 'Бежевый', 'Серый', 'Розовый', 'Розовый', 'Бежевый', 'Розовый']"
276,3,28,0,79,125,"['Голубой', 'Синий', 'Синий', 'Синий', 'Синий', 'Синий', 'Синий', 'Синий', 'Синий', 'Синий', 'Синий', 'Синий']"
63,8,20,130,219,192,"['Голубой', 'Голубой', 'Голубой', 'Бирюзовый', 'Бирюзовый', 'Бирюзовый', 'Бирюзовый', 'Бирюзовый', 'Голубой', 'Бирюзовый', 'Бирюзовый', 'Зеленый', 'Зеленый']"
241,4,34,126,78,148,"['Фиолетовый', 'Фиолетовый', 'Фиолетовый', 'Фиолетовый', 'Фиолетовый', 'Фиолетовый', 'Фиолетовый', 'Фиолетовый', 'Лиловый', 'Фиолетовый', 'Фиолетовый', 'Фиолетовый']"
138,6,13,144,157,0,"['Зеленый', 'Зеленый', 'Зеленый', 'Зеленый', 'Зеленый', 'Зеленый', 'Зеленый', 'Зеленый', 'Зеленый', 'Зеленый', 'Зеленый', 'Зеленый', 'Зеленый']"
35,9,33,231,228,239,"['Серый', 'Серый', 'Белый', 'Голубой', 'Голубой', 'Лиловый', 'Белый', 'Лиловый', 'Белый', 'Белый', 'Серый', 'Серый', 'Розовый']"
11,9,9,250,228,172,"['Желтый', 'Желтый', 'Желтый', 'Желтый', 'Желтый', 'Желтый', 'Бежевый', 'Бежевый', 'Желтый', 'Желтый', 'Розовый', 'Желтый']"
313,2,24,0,55,64,"['Синий', 'Черный', 'Черный', 'Бирюзовый', 'Зеленый', 'Зеленый', 'Черный', 'Зеленый', 'Синий', 'Синий', 'Синий', 'Черный', 'Бирюзовый', 'Синий']"
259,3,11,80,73,29,"['Коричневый', 'Серый', 'Коричневый', 'Коричневый', 'Коричневый', 'Зеленый', 'Зеленый', 'Зеленый', 'Зеленый', 'Коричневый', 'Зеленый', 'Коричневый']"
66,8,23,154,213,209,"['Голубой', 'Голубой', 'Голубой', 'Голубой', 'Бирюзовый', 'Голубой', 'Бирюзовый', 'Голубой', 'Бежевый', 'Бирюзовый', 'Голубой', 'Бирюзовый', 'Бирюзовый']"
60,8,17,127,222,156,"['Бирюзовый', 'Зеленый', 'Зеленый', 'Зеленый', 'Зеленый', 'Бирюзовый', 'Зеленый', 'Зеленый', 'Зеленый', 'Зеленый', 'Зеленый']"
311,2,22,2,56,56,"['Синий', 'Серый', 'Бирюзовый', 'Зеленый', 'Синий', 'Черный', 'Черный', 'Зеленый', 'Синий', 'Черный', 'Зеленый']"
19,9,17,209,236,214,"['Бирюзовый', 'Голубой', 'Голубой', 'Бирюзовый', 'Бирюзовый', 'Зеленый', 'Зеленый', 'Серый', 'Зеленый', 'Зеленый', 'Зеленый', 'Зеленый']"
242,4,35,135,74,140,"['Фиолетовый', 'Фиолетовый', 'Лиловый', 'Лиловый', 'Фиолетовый', 'Фиолетовый', 'Фиолетовый', 'Фиолетовый', 'Фиолетовый', 'Фиолетовый', 'Фиолетовый', 'Фиолетовый']"
203,5,37,189,86,151,"['Лиловый', 'Фиолетовый', 'Лиловый', 'Розовый', 'Розовый', 'Розовый', 'Лиловый', 'Розовый', 'Фиолетовый', 'Розовый', 'Лиловый', 'Розовый', 'Лиловый', 'Розовый']"
260,3,12,76,74,29,"['Зеленый', 'Коричневый', 'Коричневый', 'Коричневый', 'Коричневый', 'Коричневый', 'Зеленый', 'Коричневый', 'Зеленый', 'Зеленый', 'Зеленый']"
151,6,26,25,162,194,"['Голубой', 'Голубой', 'Синий', 'Голубой', 'Голубой', 'Голубой', 'Голубой', 'Голубой', 'Голубой', 'Синий', 'Голубой', 'Синий']"
328,2,39,92,20,60,"['Лиловый', 'Фиолетовый', 'Красный', 'Фиолетовый', 'Фиолетовый', 'Фиолетовый', 'Лиловый', 'Фиолетовый', 'Фиолетовый', 'Фиолетовый', 'Фиолетовый']"
250,3,2,139,29,43,"['Коричневый', 'Красный', 'Красный', 'Коричневый', 'Красный', 'Красный', 'Красный', 'Бирюзовый', 'Красный', 'Красный', 'Красный', 'Красный']"
44,8,1,251,186,185,"['Розовый', 'Розовый', 'Розовый', 'Розовый', 'Розовый', 'Розовый', 'Розовый', 'Розовый', 'Розовый', 'Розовый', 'Розовый', 'Розовый']"
71,8,28,173,207,228,"['Голубой', 'Голубой', 'Голубой', 'Голубой', 'Голубой', 'Синий', 'Голубой', 'Фиолетовый', 'Голубой', 'Голубой', 'Голубой', 'Голубой', 'Голубой']"
245,4,38,167,53,112,"['Фиолетовый', 'Розовый', 'Фиолетовый', 'Лиловый', 'Фиолетовый', 'Розовый', 'Фиолетовый', 'Лиловый', 'Фиолетовый', 'Розовый', 'Фиолетовый', 'Красный']"
181,5,15,74,138,11,"['Зеленый', 'Зеленый', 'Зеленый', 'Зеленый', 'Зеленый', 'Зеленый', 'Зеленый', 'Зеленый', 'Зеленый', 'Зеленый', 'Зеленый', 'Зеленый', 'Зеленый']"
116,7,32,175,171,215,"['Лиловый', 'Лиловый', 'Фиолетовый', 'Лиловый', 'Лиловый', 'Бирюзовый', 'Лиловый', 'Лиловый', 'Лиловый', 'Лиловый', 'Фиолетовый', 'Лиловый']"
238,4,31,76,90,177,"['Лиловый', 'Синий', 'Фиолетовый', 'Синий', 'Синий', 'Синий', 'Синий', 'Синий', 'Синий', 'Синий', 'Синий', 'Синий', 'Синий']"
100,7,16,105,195,96,"['Зеленый', 'Зеленый', 'Зеленый', 'Зеленый', 'Зеленый', 'Зеленый', 'Зеленый', 'Зеленый', 'Зеленый', 'Зеленый', 'Зеленый', 'Зеленый']"
178,5,12,129,127,0,"['Зеленый', 'Зеленый', 'Зеленый', 'Зеленый', 'Зеленый', 'Зеленый', 'Зеленый', 'Зеленый', 'Зеленый', 'Зеленый', 'Зеленый', 'Зеленый']"
135,6,10,176,147,0,"['Оранжевый', 'Коричневый', 'Коричневый', 'Желтый', 'Коричневый', 'Коричневый', 'Коричневый', 'Желтый', 'Желтый', 'Коричневый', 'Желтый', 'Коричневый']"
62,8,19,133,219,185,"['Бирюзовый', 'Голубой', 'Зеленый', 'Бирюзовый', 'Зеленый', 'Бирюзовый', 'Бирюзовый', 'Бежевый', 'Бирюзовый', 'Бирюзовый', 'Зеленый', 'Зеленый']"
253,3,5,121,52,14,"['Коричневый', 'Коричневый', 'Коричневый', 'Коричневый', 'Коричневый', 'Коричневый', 'Коричневый', 'Коричневый', 'Коричневый', 'Коричневый', 'Коричневый', 'Коричневый']"
48,8,5,252,188,153,"['Розовый', 'Бежевый', 'Оранжевый', 'Розовый', 'Оранжевый', 'Оранжевый', 'Бежевый', 'Бежевый', 'Оранжевый', 'Розовый', 'Бежевый', 'Оранжевый']"
109,7,25,102,188,201,"['Бирюзовый', 'Голубой', 'Бирюзовый', 'Бирюзовый', 'Бирюзовый', 'Бирюзовый', 'Голубой', 'Голубой', 'Бирюзовый', 'Голубой', 'Голубой', 'Голубой']"
308,2,19,0,59,43,"['Зеленый', 'Зеленый', 'Зеленый', 'Зеленый', 'Зеленый', 'Зеленый', 'Серый', 'Зеленый', 'Черный', 'Зеленый', 'Зеленый', 'Зеленый', 'Зеленый', 'Зеленый']"
186,5,20,0,144,114,"['Зеленый', 'Зеленый', 'Зеленый', 'Зеленый', 'Зеленый', 'Зеленый', 'Бирюзовый', 'Зеленый', 'Бирюзовый', 'Зеленый', 'Бирюзовый', 'Зеленый', 'Зеленый']"
132,6,7,210,132,0,"['Желтый', 'Оранжевый', 'Оранжевый', 'Оранжевый', 'Оранжевый', 'Оранжевый', 'Желтый', 'Оранжевый', 'Оранжевый', 'Оранжевый', 'Оранжевый', 'Оранжевый']"
243,4,36,151,63,139,"['Фиолетовый', 'Фиолетовый', 'Лиловый', 'Лиловый', 'Фиолетовый', 'Фиолетовый', 'Фиолетовый', 'Лиловый', 'Лиловый', 'Фиолетовый', 'Фиолетовый']"
164,6,39,229,111,146,"['Розовый', 'Розовый', 'Розовый', 'Розовый', 'Розовый', 'Розовый', 'Розовый', 'Розовый', 'Розовый', 'Розовый', 'Розовый', 'Розовый', 'Розовый']"
92,7,8,234,162,0,"['Оранжевый', 'Желтый', 'Оранжевый', 'Желтый', 'Желтый', 'Оранжевый', 'Желтый', 'Желтый', 'Желтый', 'Оранжевый', 'Оранжевый', 'Оранжевый', 'Желтый']"
161,6,36,198,125,182,"['Фиолетовый', 'Лиловый', 'Лиловый', 'Розовый', 'Фиолетовый', 'Лиловый', 'Розовый', 'Розовый', 'Лиловый', 'Лиловый', 'Фиолетовый', 'Лиловый']"
240,4,33,116,81,153,"['Фиолетовый', 'Фиолетовый', 'Фиолетовый', 'Фиолетовый', 'Фиолетовый', 'Фиолетовый', 'Фиолетовый', 'Фиолетовый', 'Фиолетовый', 'Фиолетовый', 'Лиловый', 'Фиолетовый']"
185,5,19,0,144,105,"['Бирюзовый', 'Зеленый', 'Зеленый', 'Зеленый', 'Зеленый', 'Зеленый', 'Зеленый', 'Коричневый', 'Зеленый', 'Зеленый', 'Зеленый', 'Зеленый']"
199,5,33,140,109,181,"['Фиолетовый', 'Фиолетовый', 'Фиолетовый', 'Фиолетовый', 'Лиловый', 'Фиолетовый', 'Фиолетовый', 'Фиолетовый', 'Фиолетовый', 'Фиолетовый', 'Лиловый']"
232,4,25,0,108,125,"['Синий', 'Синий', 'Синий', 'Бирюзовый', 'Бирюзовый', 'Синий', 'Синий', 'Синий', 'Синий', 'Бирюзовый', 'Синий', 'Синий']"
33,9,31,227,229,240,"['Голубой', 'Серый', 'Бирюзовый', 'Голубой', 'Белый', 'Серый', 'Лиловый', 'Серый', 'Лиловый', 'Лиловый', 'Серый', 'Голубой']"
237,4,30,1,98,178,"['Синий', 'Синий', 'Синий', 'Синий', 'Синий', 'Синий', 'Синий', 'Синий', 'Синий', 'Синий', 'Синий', 'Синий']"
111,7,27,118,185,211,"['Голубой', 'Голубой', 'Голубой', 'Голубой', 'Голубой', 'Голубой', 'Синий', 'Голубой', 'Голубой', 'Голубой', 'Голубой', 'Голубой', 'Голубой']"
25,9,23,204,236,233,"['Голубой', 'Голубой', 'Голубой', 'Голубой', 'Бирюзовый', 'Бирюзовый', 'Голубой', 'Голубой', 'Голубой', 'Голубой', 'Голубой']"
114,7,30,140,178,232,"['Синий', 'Голубой', 'Голубой', 'Голубой', 'Лиловый', 'Голубой', 'Голубой', 'Голубой', 'Голубой', 'Голубой', 'Голубой', 'Голубой', 'Голубой']"
166,5,0,123,123,123,"['Коричневый', 'Серый', 'Серый', 'Серый', 'Серый', 'Серый', 'Серый', 'Серый', 'Серый', 'Серый', 'Фиолетовый', 'Серый']"
118,7,34,190,167,207,"['Лиловый', 'Фиолетовый', 'Лиловый', 'Лиловый', 'Фиолетовый', 'Фиолетовый', 'Лиловый', 'Лиловый', 'Лиловый', 'Фиолетовый', 'Фиолетовый', 'Лиловый']"
165,6,40,233,110,132,"['Розовый', 'Розовый', 'Розовый', 'Розовый', 'Розовый', 'Розовый', 'Розовый', 'Розовый', 'Розовый', 'Розовый', 'Розовый', 'Розовый']"
180,5,14,105,133,24,"['Зеленый', 'Зеленый', 'Зеленый', 'Зеленый', 'Зеленый', 'Зеленый', 'Зеленый', 'Зеленый', 'Оранжевый', 'Зеленый', 'Зеленый', 'Зеленый']"
112,7,28,105,184,228,"['Голубой', 'Синий', 'Голубой', 'Синий', 'Голубой', 'Голубой', 'Голубой', 'Голубой', 'Голубой', 'Голубой', 'Синий', 'Голубой', 'Голубой']"
207,4,0,97,97,97,"['Серый', 'Серый', 'Серый', 'Черный', 'Серый', 'Серый', 'Серый', 'Серый', 'Серый', 'Серый', 'Серый', 'Серый', 'Серый']"
309,2,20,0,59,47,"['Зеленый', 'Черный', 'Зеленый', 'Бирюзовый', 'Зеленый', 'Коричневый', 'Зеленый', 'Зеленый', 'Черный', 'Зеленый', 'Зеленый', 'Черный', 'Черный']"
15,9,13,228,236,142,"['Зеленый', 'Бежевый', 'Желтый', 'Желтый', 'Бирюзовый', 'Желтый', 'Желтый', 'Желтый', 'Зеленый', 'Желтый', 'Желтый', 'Бежевый', 'Желтый']"
201,5,35,162,101,166,"['Фиолетовый', 'Лиловый', 'Лиловый', 'Фиолетовый', 'Фиолетовый', 'Фиолетовый', 'Лиловый', 'Фиолетовый', 'Фиолетовый', 'Лиловый', 'Фиолетовый', 'Фиолетовый']"
162,6,37,205,123,171,"['Фиолетовый', 'Розовый', 'Лиловый', 'Розовый', 'Лиловый', 'Фиолетовый', 'Розовый', 'Лиловый', 'Розовый', 'Розовый', 'Фиолетовый', 'Розовый']"
90,7,6,255,149,0,"['Оранжевый', 'Оранжевый', 'Оранжевый', 'Оранжевый', 'Оранжевый', 'Оранжевый', 'Оранжевый', 'Оранжевый', 'Оранжевый', 'Оранжевый', 'Оранжевый', 'Оранжевый']"
56,8,13,197,213,0,"['Зеленый', 'Зеленый', 'Зеленый', 'Зеленый', 'Зеленый', 'Желтый', 'Желтый', 'Зеленый', 'Зеленый', 'Зеленый', 'Зеленый', 'Зеленый', 'Желтый']"
297,2,8,60,47,33,"['Коричневый', 'Коричневый', 'Коричневый', 'Синий', 'Коричневый', 'Коричневый', 'Черный', 'Черный', 'Серый', 'Коричневый', 'Черный', 'Коричневый']"
68,8,25,155,212,219,"['Бирюзовый', 'Бирюзовый', 'Бирюзовый', 'Голубой', 'Голубой', 'Бирюзовый', 'Голубой', 'Бирюзовый', 'Голубой', 'Голубой', 'Голубой', 'Голубой']"
211,4,4,181,49,0,"['Красный', 'Красный', 'Красный', 'Красный', 'Красный', 'Оранжевый', 'Оранжевый', 'Коричневый', 'Коричневый', 'Красный', 'Красный', 'Оранжевый']"
78,8,35,227,191,226,"['Лиловый', 'Розовый', 'Лиловый', 'Розовый', 'Лиловый', 'Лиловый', 'Лиловый', 'Лиловый', 'Лиловый', 'Лиловый', 'Розовый']"
321,2,32,56,39,96,"['Фиолетовый', 'Синий', 'Фиолетовый', 'Фиолетовый', 'Фиолетовый', 'Синий', 'Фиолетовый', 'Фиолетовый', 'Фиолетовый', 'Лиловый', 'Фиолетовый', 'Синий']"
156,6,31,135,146,203,"['Фиолетовый', 'Лиловый', 'Лиловый', 'Фиолетовый', 'Голубой', 'Синий', 'Лиловый', 'Фиолетовый', 'Лиловый', 'Синий', 'Бирюзовый', 'Лиловый']"
148,6,23,0,167,167,"['Бирюзовый', 'Бирюзовый', 'Голубой', 'Бирюзовый', 'Бирюзовый', 'Бирюзовый', 'Бирюзовый', 'Зеленый', 'Бирюзовый', 'Бирюзовый', 'Голубой', 'Бирюзовый']"
136,6,11,167,151,0,"['Желтый', 'Зеленый', 'Коричневый', 'Бежевый', 'Зеленый', 'Желтый', 'Зеленый', 'Желтый', 'Зеленый', 'Зеленый', 'Коричневый', 'Оранжевый', 'Зеленый', 'Желтый']"
221,4,14,84,105,33,"['Зеленый', 'Зеленый', 'Зеленый', 'Зеленый', 'Зеленый', 'Зеленый', 'Зеленый', 'Зеленый', 'Зеленый', 'Зеленый', 'Зеленый', 'Зеленый']"
264,3,16,33,82,39,"['Зеленый', 'Зеленый', 'Зеленый', 'Зеленый', 'Зеленый', 'Зеленый', 'Зеленый', 'Зеленый', 'Зеленый', 'Зеленый', 'Зеленый', 'Зеленый', 'Зеленый', 'Зеленый']"
22,9,20,204,237,224,"['Голубой', 'Голубой', 'Бирюзовый', 'Бирюзовый', 'Бежевый', 'Зеленый', 'Бирюзовый', 'Голубой', 'Голубой', 'Бирюзовый', 'Голубой', 'Бирюзовый']"
183,5,17,0,146,70,"['Зеленый', 'Зеленый', 'Зеленый', 'Зеленый', 'Зеленый', 'Зеленый', 'Зеленый', 'Зеленый', 'Зеленый', 'Зеленый', 'Зеленый']"
171,5,5,202,90,0,"['Оранжевый', 'Коричневый', 'Оранжевый', 'Оранжевый', 'Оранжевый', 'Бежевый', 'Оранжевый', 'Коричневый', 'Оранжевый', 'Оранжевый', 'Оранжевый', 'Оранжевый']"
42,9,40,241,226,227,"['Лиловый', 'Розовый', 'Розовый', 'Розовый', 'Бежевый', 'Розовый', 'Бежевый', 'Серый', 'Розовый', 'Розовый', 'Розовый']"
247,4,40,185,31,86,"['Красный', 'Лиловый', 'Розовый', 'Лиловый', 'Красный', 'Красный', 'Розовый', 'Красный', 'Красный', 'Красный', 'Красный', 'Лиловый', 'Розовый']"
189,5,23,0,140,142,"['Голубой', 'Зеленый', 'Бирюзовый', 'Бирюзовый', 'Бирюзовый', 'Бирюзовый', 'Зеленый', 'Бирюзовый', 'Синий', 'Синий', 'Бирюзовый', 'Бирюзовый', 'Бирюзовый']"
147,6,22,0,167,158,"['Бирюзовый', 'Бирюзовый', 'Зеленый', 'Бирюзовый', 'Зеленый', 'Бирюзовый', 'Бирюзовый', 'Бирюзовый', 'Бирюзовый', 'Бирюзовый', 'Бирюзовый']"
91,7,7,245,156,0,"['Оранжевый', 'Оранжевый', 'Оранжевый', 'Оранжевый', 'Оранжевый', 'Оранжевый', 'Оранжевый', 'Бежевый', 'Оранжевый', 'Оранжевый', 'Оранжевый', 'Оранжевый']"
141,6,16,50,171,53,"['Зеленый', 'Зеленый', 'Зеленый', 'Зеленый', 'Зеленый', 'Зеленый', 'Зеленый', 'Зеленый', 'Зеленый', 'Зеленый', 'Зеленый', 'Зеленый']"
34,9,32,229,228,239,"['Серый', 'Фиолетовый', 'Бежевый', 'Бежевый', 'Фиолетовый', 'Белый', 'Серый', 'Серый', 'Голубой', 'Розовый', 'Серый']"
31,9,29,221,231,240,"['Голубой', 'Серый', 'Голубой', 'Белый', 'Серый', 'Фиолетовый', 'Белый', 'Серый', 'Голубой', 'Голубой', 'Серый', 'Серый']"
126,6,1,235,109,119,"['Розовый', 'Розовый', 'Розовый', 'Розовый', 'Красный', 'Розовый', 'Розовый', 'Розовый', 'Розовый', 'Розовый', 'Розовый']"
129,6,4,244,108,47,"['Коричневый', 'Оранжевый', 'Оранжевый', 'Оранжевый', 'Оранжевый', 'Оранжевый', 'Оранжевый', 'Оранжевый', 'Оранжевый', 'Оранжевый', 'Оранжевый', 'Оранжевый']"
236,4,29,0,102,164,"['Синий', 'Синий', 'Синий', 'Синий', 'Синий', 'Синий', 'Синий', 'Голубой', 'Синий', 'Синий', 'Синий', 'Синий']"
288,3,40,137,28,66,"['Красный', 'Лиловый', 'Фиолетовый', 'Красный', 'Красный', 'Красный', 'Красный', 'Красный', 'Красный', 'Красный', 'Лиловый', 'Красный']"
53,8,10,237,200,0,"['Желтый', 'Желтый', 'Желтый', 'Желтый', 'Желтый', 'Желтый', 'Желтый', 'Желтый', 'Желтый', 'Желтый', 'Желтый', 'Желтый', 'Желтый', 'Желтый']"
26,9,24,206,235,235,"['Голубой', 'Голубой', 'Голубой', 'Бирюзовый', 'Голубой', 'Голубой', 'Голубой', 'Голубой', 'Голубой', 'Бирюзовый', 'Голубой', 'Голубой', 'Голубой']"
65,8,22,154,214,204,"['Голубой', 'Голубой', 'Бирюзовый', 'Бирюзовый', 'Бирюзовый', 'Бирюзовый', 'Бирюзовый', 'Бежевый', 'Голубой', 'Бирюзовый', 'Голубой', 'Бирюзовый', 'Бирюзовый']"
239,4,32,102,86,160,"['Фиолетовый', 'Фиолетовый', 'Фиолетовый', 'Фиолетовый', 'Фиолетовый', 'Фиолетовый', 'Фиолетовый', 'Фиолетовый', 'Синий', 'Фиолетовый', 'Фиолетовый', 'Фиолетовый', 'Фиолетовый']"
323,2,34,73,32,87,"['Фиолетовый', 'Фиолетовый', 'Фиолетовый', 'Лиловый', 'Фиолетовый', 'Фиолетовый', 'Фиолетовый', 'Фиолетовый', 'Фиолетовый', 'Фиолетовый', 'Фиолетовый']"
292,2,3,97,19,29,"['Коричневый', 'Красный', 'Красный', 'Коричневый', 'Коричневый', 'Коричневый', 'Красный', 'Красный', 'Красный', 'Коричневый', 'Красный', 'Красный']"
120,7,36,217,157,201,"['Лиловый', 'Розовый', 'Розовый', 'Розовый', 'Фиолетовый', 'Лиловый', 'Лиловый', 'Розовый', 'Розовый', 'Розовый', 'Фиолетовый', 'Розовый']"
235,4,28,0,106,162,"['Синий', 'Синий', 'Синий', 'Синий', 'Синий', 'Синий', 'Синий', 'Синий', 'Синий', 'Синий', 'Синий', 'Голубой', 'Синий']"
224,4,17,0,116,56,"['Зеленый', 'Зеленый', 'Зеленый', 'Зеленый', 'Зеленый', 'Зеленый', 'Зеленый', 'Коричневый', 'Коричневый', 'Зеленый', 'Зеленый', 'Зеленый', 'Зеленый']"
227,4,20,0,117,90,"['Зеленый', 'Зеленый', 'Зеленый', 'Зеленый', 'Бирюзовый', 'Зеленый', 'Зеленый', 'Зеленый', 'Зеленый', 'Зеленый', 'Зеленый', 'Зеленый']"
159,6,34,170,136,191,"['Фиолетовый', 'Лиловый', 'Лиловый', 'Лиловый', 'Фиолетовый', 'Фиолетовый', 'Лиловый', 'Лиловый', 'Фиолетовый', 'Лиловый', 'Лиловый', 'Лиловый']"
105,7,21,63,195,172,"['Зеленый', 'Бирюзовый', 'Бирюзовый', 'Бирюзовый', 'Зеленый', 'Бирюзовый', 'Бирюзовый', 'Лиловый', 'Бирюзовый', 'Бирюзовый', 'Бирюзовый', 'Бирюзовый', 'Бирюзовый']"
209,4,2,188,33,52,"['Красный', 'Красный', 'Красный', 'Красный', 'Красный', 'Красный', 'Красный', 'Красный', 'Красный', 'Красный', 'Красный', 'Красный']"
272,3,24,0,83,96,"['Синий', 'Синий', 'Синий', 'Серый', 'Синий', 'Бирюзовый', 'Черный', 'Синий', 'Синий', 'Серый', 'Бирюзовый', 'Синий']"
212,4,5,158,73,15,"['Коричневый', 'Коричневый', 'Оранжевый', 'Оранжевый', 'Коричневый', 'Коричневый', 'Коричневый', 'Коричневый', 'Коричневый', 'Коричневый', 'Коричневый']"
219,4,12,102,100,18,"['Зеленый', 'Зеленый', 'Коричневый', 'Зеленый', 'Коричневый', 'Бирюзовый', 'Зеленый', 'Коричневый', 'Зеленый', 'Коричневый', 'Зеленый', 'Зеленый']"
246,4,39,172,51,99,"['Красный', 'Лиловый', 'Розовый', 'Лиловый', 'Лиловый', 'Лиловый', 'Фиолетовый', 'Розовый', 'Красный', 'Розовый', 'Розовый', 'Красный']"
41,9,39,241,226,228,"['Лиловый', 'Белый', 'Бежевый', 'Розовый', 'Бежевый', 'Серый', 'Розовый', 'Розовый', 'Белый', 'Розовый', 'Розовый', 'Розовый']"
173,5,7,174,108,0,"['Коричневый', 'Коричневый', 'Желтый', 'Коричневый', 'Коричневый', 'Коричневый', 'Коричневый', 'Коричневый', 'Коричневый', 'Коричневый', 'Коричневый', 'Коричневый', 'Оранжевый']"
257,3,9,89,70,32,"['Коричневый', 'Коричневый', 'Коричневый', 'Коричневый', 'Коричневый', 'Коричневый', 'Коричневый', 'Коричневый', 'Коричневый', 'Коричневый', 'Коричневый', 'Коричневый']"
174,5,8,166,113,0,"['Коричневый', 'Коричневый', 'Желтый', 'Желтый', 'Коричневый', 'Коричневый', 'Желтый', 'Коричневый', 'Коричневый', 'Коричневый', 'Коричневый', 'Оранжевый']"
327,2,38,90,22,65,"['Лиловый', 'Лиловый', 'Фиолетовый', 'Фиолетовый', 'Фиолетовый', 'Фиолетовый', 'Лиловый', 'Фиолетовый', 'Лиловый', 'Фиолетовый', 'Фиолетовый', 'Фиолетовый', 'Фиолетовый']"
225,4,18,0,116,72,"['Бирюзовый', 'Зеленый', 'Зеленый', 'Зеленый', 'Зеленый', 'Зеленый', 'Зеленый', 'Коричневый', 'Зеленый', 'Зеленый', 'Зеленый', 'Зеленый']"
274,3,26,0,81,106,"['Синий', 'Синий', 'Синий', 'Зеленый', 'Бирюзовый', 'Синий', 'Синий', 'Синий', 'Синий', 'Синий', 'Синий', 'Синий']"
280,3,32,80,59,135,"['Фиолетовый', 'Фиолетовый', 'Фиолетовый', 'Фиолетовый', 'Фиолетовый', 'Синий', 'Фиолетовый', 'Фиолетовый', 'Фиолетовый', 'Фиолетовый', 'Фиолетовый', 'Фиолетовый', 'Фиолетовый']"
86,7,2,239,152,146,"['Розовый', 'Розовый', 'Красный', 'Розовый', 'Розовый', 'Розовый', 'Розовый', 'Розовый', 'Розовый', 'Розовый', 'Розовый', 'Розовый', 'Розовый', 'Розовый']"
197,5,31,105,118,190,"['Фиолетовый', 'Лиловый', 'Фиолетовый', 'Фиолетовый', 'Фиолетовый', 'Фиолетовый', 'Фиолетовый', 'Фиолетовый', 'Лиловый', 'Синий', 'Бирюзовый', 'Голубой']"
96,7,12,185,181,0,"['Зеленый', 'Желтый', 'Желтый', 'Зеленый', 'Желтый', 'Желтый', 'Зеленый', 'Зеленый', 'Зеленый', 'Зеленый', 'Желтый', 'Желтый', 'Желтый']"
256,3,8,99,66,8,"['Коричневый', 'Синий', 'Коричневый', 'Коричневый', 'Коричневый', 'Коричневый', 'Коричневый', 'Коричневый', 'Коричневый', 'Коричневый', 'Коричневый', 'Коричневый']"
265,3,17,0,86,45,"['Зеленый', 'Зеленый', 'Зеленый', 'Зеленый', 'Зеленый', 'Зеленый', 'Зеленый', 'Зеленый', 'Зеленый', 'Зеленый', 'Зеленый', 'Зеленый']"
191,5,25,0,137,160,"['Бирюзовый', 'Голубой', 'Голубой', 'Голубой', 'Синий', 'Бирюзовый', 'Бирюзовый', 'Голубой', 'Бирюзовый', 'Бирюзовый', 'Бирюзовый', 'Голубой']"
254,3,6,109,60,25,"['Коричневый', 'Коричневый', 'Коричневый', 'Коричневый', 'Коричневый', 'Коричневый', 'Коричневый', 'Коричневый', 'Коричневый', 'Коричневый', 'Коричневый', 'Коричневый']"
152,6,27,57,160,198,"['Синий', 'Голубой', 'Голубой', 'Голубой', 'Голубой', 'Синий', 'Бирюзовый', 'Голубой', 'Синий', 'Голубой', 'Голубой', 'Синий']"
262,3,14,64,77,37,"['Зеленый', 'Зеленый', 'Зеленый', 'Зеленый', 'Зеленый', 'Зеленый', 'Зеленый', 'Зеленый', 'Зеленый', 'Зеленый', 'Зеленый', 'Зеленый']"
115,7,31,164,174,217,"['Лиловый', 'Лиловый', 'Лиловый', 'Лиловый', 'Лиловый', 'Лиловый', 'Голубой', 'Лиловый', 'Лиловый', 'Лиловый', 'Лиловый', 'Фиолетовый', 'Фиолетовый']"
169,5,3,218,72,54,"['Красный', 'Красный', 'Красный', 'Красный', 'Красный', 'Оранжевый', 'Оранжевый', 'Красный', 'Красный', 'Красный', 'Оранжевый']"
218,4,11,109,98,18,"['Зеленый', 'Коричневый', 'Зеленый', 'Зеленый', 'Коричневый', 'Зеленый', 'Коричневый', 'Коричневый', 'Коричневый', 'Коричневый', 'Коричневый', 'Желтый']"
145,6,20,0,171,138,"['Зеленый', 'Бирюзовый', 'Зеленый', 'Зеленый', 'Зеленый', 'Зеленый', 'Бирюзовый', 'Зеленый', 'Бирюзовый', 'Зеленый', 'Зеленый', 'Зеленый']"
83,8,40,250,186,192,"['Розовый', 'Розовый', 'Розовый', 'Розовый', 'Розовый', 'Розовый', 'Розовый', 'Розовый', 'Розовый', 'Розовый', 'Розовый', 'Розовый']"
93,7,9,219,168,0,"['Желтый', 'Желтый', 'Желтый', 'Оранжевый', 'Желтый', 'Оранжевый', 'Желтый', 'Желтый', 'Желтый', 'Желтый', 'Желтый', 'Желтый']"
273,3,25,0,82,101,"['Синий', 'Синий', 'Синий', 'Синий', 'Синий', 'Бирюзовый', 'Синий', 'Синий', 'Синий', 'Синий', 'Синий']"
163,6,38,212,121,156,"['Розовый', 'Розовый', 'Розовый', 'Розовый', 'Розовый', 'Розовый', 'Розовый', 'Розовый', 'Розовый', 'Оранжевый', 'Розовый', 'Фиолетовый', 'Розовый']"
73,8,30,175,204,247,"['Голубой', 'Голубой', 'Голубой', 'Лиловый', 'Голубой', 'Голубой', 'Голубой', 'Голубой', 'Фиолетовый', 'Голубой', 'Голубой', 'Голубой']"
50,8,7,254,190,114,"['Желтый', 'Оранжевый', 'Оранжевый', 'Оранжевый', 'Желтый', 'Бежевый', 'Бежевый', 'Бежевый', 'Оранжевый', 'Желтый', 'Бежевый', 'Оранжевый']"
17,9,15,219,235,204,"['Голубой', 'Серый', 'Зеленый', 'Зеленый', 'Серый', 'Зеленый', 'Зеленый', 'Серый', 'Зеленый', 'Зеленый', 'Серый']"
300,2,11,53,50,32,"['Серый', 'Серый', 'Коричневый', 'Черный', 'Черный', 'Черный', 'Серый', 'Серый', 'Коричневый', 'Зеленый', 'Коричневый', 'Черный']"
306,2,17,22,56,38,"['Черный', 'Зеленый', 'Зеленый', 'Зеленый', 'Зеленый', 'Зеленый', 'Зеленый', 'Зеленый', 'Зеленый', 'Черный', 'Зеленый', 'Зеленый']"
217,4,10,115,96,21,"['Оранжевый', 'Коричневый', 'Зеленый', 'Коричневый', 'Коричневый', 'Бежевый', 'Коричневый', 'Коричневый', 'Коричневый', 'Коричневый', 'Коричневый', 'Коричневый']"
24,9,22,204,236,230,"['Зеленый', 'Голубой', 'Зеленый', 'Бирюзовый', 'Белый', 'Бирюзовый', 'Голубой', 'Серый', 'Голубой', 'Голубой', 'Голубой', 'Голубой']"
69,8,26,160,210,223,"['Голубой', 'Голубой', 'Голубой', 'Голубой', 'Голубой', 'Голубой', 'Голубой', 'Голубой', 'Голубой', 'Голубой', 'Голубой', 'Голубой']"
67,8,24,154,213,215,"['Зеленый', 'Бирюзовый', 'Бирюзовый', 'Голубой', 'Голубой', 'Бирюзовый', 'Голубой', 'Фиолетовый', 'Голубой', 'Голубой', 'Голубой', 'Голубой']"
130,6,5,240,112,0,"['Оранжевый', 'Оранжевый', 'Оранжевый', 'Оранжевый', 'Оранжевый', 'Оранжевый', 'Оранжевый', 'Оранжевый', 'Оранжевый', 'Оранжевый', 'Оранжевый', 'Оранжевый', 'Оранжевый']"
210,4,3,186,39,33,"['Красный', 'Красный', 'Красный', 'Красный', 'Красный', 'Красный', 'Красный', 'Красный', 'Красный', 'Красный', 'Красный', 'Красный']"
75,8,32,201,200,227,"['Лиловый', 'Лиловый', 'Лиловый', 'Лиловый', 'Белый', 'Фиолетовый', 'Лиловый', 'Лиловый', 'Лиловый', 'Фиолетовый', 'Голубой']"
40,9,38,240,226,230,"['Розовый', 'Бежевый', 'Розовый', 'Серый', 'Розовый', 'Бежевый', 'Бежевый', 'Серый', 'Розовый', 'Лиловый', 'Белый', 'Розовый']"
10,9,8,243,228,202,"['Бежевый', 'Желтый', 'Бежевый', 'Бежевый', 'Бежевый', 'Желтый', 'Бежевый', 'Бежевый', 'Бежевый', 'Бежевый', 'Розовый']"
195,5,29,0,129,205,"['Синий', 'Синий', 'Синий', 'Голубой', 'Голубой', 'Синий', 'Синий', 'Синий', 'Голубой', 'Синий', 'Синий', 'Голубой', 'Голубой']"
117,7,33,183,169,211,"['Лиловый', 'Лиловый', 'Лиловый', 'Фиолетовый', 'Голубой', 'Фиолетовый', 'Лиловый', 'Лиловый', 'Лиловый', 'Лиловый', 'Фиолетовый', 'Фиолетовый']"
18,9,16,213,236,209,"['Голубой', 'Зеленый', 'Зеленый', 'Зеленый', 'Зеленый', 'Зеленый', 'Зеленый', 'Бирюзовый', 'Бирюзовый', 'Зеленый', 'Зеленый']"
290,2,1,96,17,46,"['Фиолетовый', 'Фиолетовый', 'Красный', 'Фиолетовый', 'Фиолетовый', 'Красный', 'Коричневый', 'Фиолетовый', 'Фиолетовый', 'Фиолетовый', 'Фиолетовый', 'Фиолетовый', 'Красный']"
28,9,26,211,234,239,"['Голубой', 'Голубой', 'Бирюзовый', 'Голубой', 'Голубой', 'Голубой', 'Бирюзовый', 'Голубой', 'Голубой', 'Голубой', 'Голубой', 'Голубой', 'Голубой']"
228,4,21,0,114,100,"['Зеленый', 'Синий', 'Зеленый', 'Зеленый', 'Бирюзовый', 'Зеленый', 'Зеленый', 'Синий', 'Бирюзовый', 'Зеленый', 'Зеленый']"
294,2,5,76,40,29,"['Коричневый', 'Фиолетовый', 'Коричневый', 'Коричневый', 'Коричневый', 'Коричневый', 'Коричневый', 'Коричневый', 'Коричневый', 'Коричневый', 'Коричневый', 'Коричневый']"
142,6,17,31,170,100,"['Зеленый', 'Зеленый', 'Зеленый', 'Зеленый', 'Зеленый', 'Зеленый', 'Зеленый', 'Зеленый', 'Зеленый', 'Зеленый', 'Зеленый', 'Зеленый', 'Зеленый']"
206,5,40,215,69,107,"['Розовый', 'Розовый', 'Розовый', 'Красный', 'Розовый', 'Розовый', 'Розовый', 'Розовый', 'Розовый', 'Розовый', 'Розовый', 'Розовый']"
214,4,7,139,85,14,"['Коричневый', 'Коричневый', 'Коричневый', 'Коричневый', 'Коричневый', 'Коричневый', 'Коричневый', 'Коричневый', 'Коричневый', 'Коричневый', 'Коричневый', 'Коричневый']"
27,9,25,208,234,238,"['Голубой', 'Голубой', 'Голубой', 'Голубой', 'Серый', 'Голубой', 'Голубой', 'Голубой', 'Голубой', 'Голубой', 'Голубой', 'Голубой', 'Голубой', 'Голубой', 'Голубой']"
213,4,6,145,81,27,"['Коричневый', 'Коричневый', 'Коричневый', 'Коричневый', 'Коричневый', 'Коричневый', 'Коричневый', 'Красный', 'Коричневый', 'Коричневый', 'Коричневый']"
287,3,39,134,30,78,"['Лиловый', 'Лиловый', 'Фиолетовый', 'Красный', 'Фиолетовый', 'Лиловый', 'Розовый', 'Фиолетовый', 'Фиолетовый', 'Фиолетовый', 'Фиолетовый', 'Фиолетовый']"
326,2,37,87,24,72,"['Фиолетовый', 'Фиолетовый', 'Фиолетовый', 'Фиолетовый', 'Фиолетовый', 'Фиолетовый', 'Фиолетовый', 'Фиолетовый', 'Фиолетовый', 'Фиолетовый', 'Фиолетовый', 'Фиолетовый']"
95,7,11,196,177,0,"['Желтый', 'Зеленый', 'Желтый', 'Желтый', 'Зеленый', 'Желтый', 'Желтый', 'Зеленый', 'Желтый', 'Зеленый', 'Желтый', 'Желтый', 'Желтый']"
84,7,0,175,175,175,"['Серый', 'Голубой', 'Серый', 'Серый', 'Серый', 'Серый', 'Серый', 'Серый', 'Серый', 'Серый', 'Лиловый']"
87,7,3,254,146,124,"['Розовый', 'Розовый', 'Красный', 'Красный', 'Розовый', 'Розовый', 'Оранжевый', 'Розовый', 'Оранжевый', 'Оранжевый', 'Розовый']"
16,9,14,223,236,172,"['Зеленый', 'Бежевый', 'Бежевый', 'Зеленый', 'Бежевый', 'Бирюзовый', 'Бежевый', 'Бирюзовый', 'Желтый', 'Зеленый', 'Желтый']"
39,9,37,238,226,232,"['Серый', 'Серый', 'Розовый', 'Белый', 'Бежевый', 'Розовый', 'Лиловый', 'Белый', 'Бежевый', 'Розовый', 'Лиловый', 'Розовый', 'Розовый', 'Розовый']"
30,9,28,217,232,240,"['Голубой', 'Голубой', 'Голубой', 'Серый', 'Серый', 'Лиловый', 'Белый', 'Бирюзовый', 'Голубой', 'Голубой', 'Голубой']"
263,3,15,46,81,27,"['Зеленый', 'Зеленый', 'Зеленый', 'Зеленый', 'Зеленый', 'Зеленый', 'Зеленый', 'Зеленый', 'Зеленый', 'Зеленый', 'Зеленый', 'Зеленый']"
167,5,1,217,68,93,"['Розовый', 'Розовый', 'Розовый', 'Красный', 'Розовый', 'Розовый', 'Красный', 'Розовый', 'Розовый', 'Красный', 'Красный', 'Розовый']"
89,7,5,247,152,95,"['Оранжевый', 'Оранжевый', 'Оранжевый', 'Оранжевый', 'Оранжевый', 'Оранжевый', 'Оранжевый', 'Оранжевый', 'Оранжевый', 'Оранжевый', 'Оранжевый', 'Оранжевый']"
223,4,16,36,111,42,"['Зеленый', 'Зеленый', 'Зеленый', 'Зеленый', 'Зеленый', 'Зеленый', 'Зеленый', 'Зеленый', 'Коричневый', 'Зеленый', 'Зеленый', 'Зеленый', 'Зеленый']"
282,3,34,103,49,123,"['Фиолетовый', 'Фиолетовый', 'Фиолетовый', 'Фиолетовый', 'Фиолетовый', 'Фиолетовый', 'Фиолетовый', 'Фиолетовый', 'Фиолетовый', 'Фиолетовый', 'Фиолетовый', 'Фиолетовый']"
123,7,39,233,153,172,"['Розовый', 'Розовый', 'Розовый', 'Розовый', 'Розовый', 'Розовый', 'Розовый', 'Лиловый', 'Розовый', 'Розовый', 'Розовый', 'Розовый']"
158,6,33,161,139,197,"['Фиолетовый', 'Лиловый', 'Фиолетовый', 'Фиолетовый', 'Лиловый', 'Фиолетовый', 'Фиолетовый', 'Фиолетовый', 'Лиловый', 'Фиолетовый', 'Лиловый']"
52,8,9,254,194,0,"['Желтый', 'Желтый', 'Желтый', 'Желтый', 'Желтый', 'Желтый', 'Желтый', 'Желтый', 'Желтый', 'Желтый', 'Желтый', 'Желтый', 'Желтый']"
144,6,19,0,171,129,"['Зеленый', 'Зеленый', 'Бирюзовый', 'Зеленый', 'Зеленый', 'Зеленый', 'Зеленый', 'Зеленый', 'Зеленый', 'Бирюзовый', 'Бирюзовый']"
102,7,18,88,195,148,"['Голубой', 'Бирюзовый', 'Зеленый', 'Зеленый', 'Бирюзовый', 'Бирюзовый', 'Зеленый', 'Бирюзовый', 'Зеленый', 'Зеленый', 'Зеленый', 'Бирюзовый', 'Зеленый']"
121,7,37,235,149,196,"['Лиловый', 'Розовый', 'Розовый', 'Розовый', 'Розовый', 'Лиловый', 'Розовый', 'Лиловый', 'Розовый', 'Розовый', 'Лиловый', 'Лиловый', 'Розовый']"
5,9,3,244,226,221,"['Бежевый', 'Розовый', 'Розовый', 'Розовый', 'Розовый', 'Розовый', 'Бежевый', 'Белый', 'Розовый', 'Розовый', 'Розовый', 'Розовый']"
234,4,27,0,106,147,"['Синий', 'Синий', 'Бирюзовый', 'Синий', 'Синий', 'Синий', 'Синий', 'Синий', 'Синий', 'Синий', 'Голубой', 'Синий']"
61,8,18,137,219,178,"['Зеленый', 'Бирюзовый', 'Зеленый', 'Зеленый', 'Зеленый', 'Зеленый', 'Зеленый', 'Бирюзовый', 'Бежевый', 'Бирюзовый', 'Зеленый', 'Бирюзовый', 'Зеленый']"
289,2,0,49,49,49,"['Черный', 'Черный', 'Серый', 'Серый', 'Серый', 'Черный', 'Черный', 'Черный', 'Серый', 'Черный', 'Серый', 'Серый']"
64,8,21,127,219,198,"['Голубой', 'Бирюзовый', 'Бирюзовый', 'Бирюзовый', 'Бирюзовый', 'Бирюзовый', 'Бирюзовый', 'Зеленый', 'Бирюзовый', 'Зеленый', 'Бирюзовый', 'Бирюзовый']"
45,8,2,253,186,179,"['Розовый', 'Розовый', 'Розовый', 'Розовый', 'Розовый', 'Розовый', 'Розовый', 'Розовый', 'Розовый', 'Розовый', 'Розовый']"
283,3,35,111,45,117,"['Фиолетовый', 'Фиолетовый', 'Фиолетовый', 'Лиловый', 'Фиолетовый', 'Фиолетовый', 'Фиолетовый', 'Фиолетовый', 'Фиолетовый', 'Фиолетовый', 'Фиолетовый', 'Фиолетовый', 'Фиолетовый']"
231,4,24,0,109,120,"['Зеленый', 'Синий', 'Синий', 'Серый', 'Бирюзовый', 'Бирюзовый', 'Синий', 'Синий', 'Бирюзовый', 'Синий', 'Бирюзовый', 'Бирюзовый', 'Зеленый']"
124,7,40,236,153,162,"['Розовый', 'Розовый', 'Розовый', 'Розовый', 'Розовый', 'Розовый', 'Розовый', 'Розовый', 'Розовый', 'Розовый', 'Розовый', 'Розовый']"
29,9,27,214,233,239,"['Голубой', 'Серый', 'Серый', 'Голубой', 'Голубой', 'Голубой', 'Бирюзовый', 'Серый', 'Голубой', 'Голубой', 'Голубой', 'Голубой']"
58,8,15,156,220,94,"['Зеленый', 'Зеленый', 'Зеленый', 'Зеленый', 'Зеленый', 'Зеленый', 'Зеленый', 'Зеленый', 'Зеленый', 'Зеленый', 'Зеленый', 'Зеленый', 'Зеленый']"
32,9,30,223,230,240,"['Голубой', 'Серый', 'Серый', 'Серый', 'Серый', 'Серый', 'Серый', 'Серый', 'Серый', 'Лиловый', 'Голубой']"
113,7,29,125,181,231,"['Голубой', 'Голубой', 'Голубой', 'Голубой', 'Синий', 'Голубой', 'Голубой', 'Голубой', 'Голубой', 'Синий', 'Голубой', 'Голубой']"
36,9,34,232,228,238,"['Серый', 'Фиолетовый', 'Белый', 'Серый', 'Серый', 'Серый', 'Белый', 'Лиловый', 'Лиловый', 'Лиловый', 'Голубой', 'Голубой', 'Розовый']"
315,2,26,3,54,70,"['Синий', 'Синий', 'Синий', 'Синий', 'Синий', 'Черный', 'Черный', 'Синий', 'Синий', 'Синий', 'Черный', 'Синий', 'Синий']"
23,9,21,204,237,227,"['Голубой', 'Зеленый', 'Голубой', 'Зеленый', 'Бирюзовый', 'Бирюзовый', 'Бирюзовый', 'Бирюзовый', 'Голубой', 'Голубой', 'Зеленый', 'Бирюзовый', 'Зеленый']"
271,3,23,0,83,89,"['Синий', 'Синий', 'Синий', 'Зеленый', 'Синий', 'Синий', 'Зеленый', 'Синий', 'Зеленый', 'Синий', 'Серый', 'Зеленый']"
98,7,14,151,190,0,"['Зеленый', 'Зеленый', 'Желтый', 'Зеленый', 'Зеленый', 'Зеленый', 'Зеленый', 'Зеленый', 'Зеленый', 'Зеленый', 'Зеленый', 'Зеленый']"
216,4,9,121,93,26,"['Коричневый', 'Коричневый', 'Коричневый', 'Коричневый', 'Коричневый', 'Бежевый', 'Коричневый', 'Коричневый', 'Коричневый', 'Коричневый', 'Коричневый', 'Коричневый']"
215,4,8,127,90,33,"['Коричневый', 'Коричневый', 'Коричневый', 'Коричневый', 'Коричневый', 'Коричневый', 'Коричневый', 'Коричневый', 'Коричневый', 'Коричневый', 'Коричневый']"
127,6,2,236,110,106,"['Розовый', 'Оранжевый', 'Розовый', 'Розовый', 'Красный', 'Розовый', 'Розовый', 'Розовый', 'Розовый', 'Красный', 'Оранжевый', 'Оранжевый']"
38,9,36,237,227,233,"['Белый', 'Фиолетовый', 'Розовый', 'Белый', 'Лиловый', 'Бежевый', 'Белый', 'Розовый', 'Лиловый', 'Розовый', 'Розовый', 'Розовый']"
314,2,25,0,55,67,"['Черный', 'Черный', 'Синий', 'Синий', 'Зеленый', 'Синий', 'Синий', 'Синий', 'Синий', 'Серый', 'Серый', 'Черный', 'Синий']"
269,3,21,0,84,75,"['Синий', 'Синий', 'Зеленый', 'Зеленый', 'Зеленый', 'Зеленый', 'Зеленый', 'Зеленый', 'Зеленый', 'Зеленый', 'Зеленый', 'Зеленый']"
80,8,37,240,188,213,"['Фиолетовый', 'Розовый', 'Лиловый', 'Розовый', 'Розовый', 'Розовый', 'Розовый', 'Розовый', 'Розовый', 'Розовый', 'Розовый', 'Розовый']"
37,9,35,236,227,235,"['Белый', 'Лиловый', 'Розовый', 'Лиловый', 'Серый', 'Лиловый', 'Белый', 'Серый', 'Серый', 'Лиловый', 'Розовый', 'Лиловый']"
299,2,10,56,49,32,"['Черный', 'Черный', 'Черный', 'Серый', 'Серый', 'Коричневый', 'Коричневый', 'Зеленый', 'Черный', 'Серый', 'Черный', 'Коричневый', 'Коричневый', 'Коричневый']"
46,8,3,254,186,171,"['Розовый', 'Розовый', 'Розовый', 'Розовый', 'Оранжевый', 'Розовый', 'Розовый', 'Розовый', 'Розовый', 'Розовый', 'Оранжевый', 'Розовый', 'Розовый']"
310,2,21,6,56,51,"['Черный', 'Черный', 'Черный', 'Зеленый', 'Серый', 'Зеленый', 'Бирюзовый', 'Зеленый', 'Серый', 'Зеленый', 'Зеленый']"
177,5,11,138,124,0,"['Коричневый', 'Зеленый', 'Желтый', 'Желтый', 'Зеленый', 'Зеленый', 'Зеленый', 'Коричневый', 'Коричневый', 'Зеленый', 'Коричневый', 'Желтый']"
4,9,2,243,226,223,"['Лиловый', 'Бежевый', 'Розовый', 'Розовый', 'Розовый', 'Розовый', 'Бежевый', 'Бежевый', 'Лиловый', 'Розовый', 'Розовый', 'Розовый', 'Фиолетовый']"
88,7,4,251,149,109,"['Розовый', 'Розовый', 'Оранжевый', 'Оранжевый', 'Розовый', 'Розовый', 'Оранжевый', 'Розовый', 'Оранжевый', 'Оранжевый', 'Розовый', 'Оранжевый']"
302,2,13,48,51,36,"['Серый', 'Серый', 'Коричневый', 'Серый', 'Коричневый', 'Черный', 'Черный', 'Серый', 'Черный', 'Серый', 'Коричневый', 'Черный']"
325,2,36,74,35,71,"['Черный', 'Лиловый', 'Лиловый', 'Фиолетовый', 'Фиолетовый', 'Фиолетовый', 'Фиолетовый', 'Фиолетовый', 'Фиолетовый', 'Фиолетовый', 'Фиолетовый', 'Фиолетовый']"
286,3,38,130,33,88,"['Лиловый', 'Лиловый', 'Красный', 'Фиолетовый', 'Лиловый', 'Фиолетовый', 'Фиолетовый', 'Лиловый', 'Фиолетовый', 'Фиолетовый', 'Лиловый', 'Красный']"
170,5,4,220,72,0,"['Оранжевый', 'Красный', 'Красный', 'Оранжевый', 'Оранжевый', 'Оранжевый', 'Оранжевый', 'Оранжевый', 'Красный', 'Оранжевый', 'Оранжевый', 'Оранжевый']"
230,4,23,0,113,119,"['Синий', 'Бирюзовый', 'Синий', 'Зеленый', 'Бирюзовый', 'Бирюзовый', 'Синий', 'Бирюзовый', 'Бирюзовый', 'Бирюзовый', 'Синий', 'Зеленый']"
198,5,32,126,113,186,"['Фиолетовый', 'Фиолетовый', 'Фиолетовый', 'Фиолетовый', 'Фиолетовый', 'Фиолетовый', 'Фиолетовый', 'Лиловый', 'Лиловый', 'Фиолетовый', 'Синий', 'Фиолетовый']"
